{
  "config_id": 0,
  "n_runs": 6,
  "mean_test_rmse": 0.007965634947602567,
  "std_test_rmse": 0.0005372416409615373,
  "median_test_rmse": 0.00810838197432075,
  "max_test_rmse": 0.0085314498285116,
  "min_test_rmse": 0.0070977945629822,
  "robust_score": 0.008502876588564103,
  "mean_val_loss": 6.434860686973551e-05,
  "std_val_loss": 5.59716024381416e-06,
  "mean_training_time": 634.2880173126856,
  "std_training_time": 62.581239912468526,
  "config": {
    "width_NODE": 73,
    "depth_NODE": 1,
    "normalize": true,
    "dropout": 0.1,
    "batch_size": 128,
    "learning_rate": 1e-05,
    "solver": "Tsit5",
    "weight_decay": 0.0,
    "dt0": 0.0001,
    "rtol": 0.00015,
    "atol": 2e-06
  }
}