{
  "config_id": 4,
  "n_runs": 6,
  "mean_test_rmse": 0.00867752893684635,
  "std_test_rmse": 0.00017369233748506258,
  "median_test_rmse": 0.0086111705621576,
  "max_test_rmse": 0.0089900357800012,
  "min_test_rmse": 0.008490168967468,
  "robust_score": 0.008851221274331413,
  "mean_val_loss": 7.803135541728737e-05,
  "std_val_loss": 3.9483281101631145e-06,
  "mean_training_time": 296.873731136322,
  "std_training_time": 13.90388890756608,
  "config": {
    "width_NODE": 73,
    "depth_NODE": 1,
    "normalize": true,
    "dropout": 0.1,
    "batch_size": 64,
    "learning_rate": 1e-05,
    "solver": "Tsit5",
    "weight_decay": 0.0,
    "dt0": 0.0001,
    "rtol": 0.00015,
    "atol": 2e-06
  }
}