{
  "config_id": 23,
  "n_runs": 2,
  "mean_test_rmse": 0.00510469178636365,
  "std_test_rmse": 0.00014736434007785008,
  "median_test_rmse": 0.00510469178636365,
  "max_test_rmse": 0.0052520561264415,
  "min_test_rmse": 0.0049573274462858,
  "robust_score": 0.0052520561264415,
  "mean_val_loss": 2.551663584213068e-05,
  "std_val_loss": 2.460056088211358e-06,
  "mean_training_time": 3232.812395811081,
  "std_training_time": 1135.890462398529,
  "config": {
    "width_NODE": 192,
    "depth_NODE": 1,
    "normalize": true,
    "dropout": 0.1,
    "batch_size": 256,
    "learning_rate": 1e-05,
    "solver": "Tsit5",
    "weight_decay": 0.0,
    "dt0": 0.0001,
    "rtol": 0.00015,
    "atol": 2e-06
  }
}