{
  "config_id": 34,
  "n_runs": 2,
  "mean_test_rmse": 0.005010965112451698,
  "std_test_rmse": 0.0004188290137881272,
  "median_test_rmse": 0.005010965112451698,
  "max_test_rmse": 0.005429794126239826,
  "min_test_rmse": 0.004592136098663571,
  "robust_score": 0.005429794126239826,
  "mean_val_loss": 2.642168076678114e-05,
  "std_val_loss": 3.936109228889909e-06,
  "mean_training_time": 6502.152838945389,
  "std_training_time": 2278.3708007335663,
  "config": {
    "width_NODE": 512,
    "depth_NODE": 1,
    "normalize": true,
    "dropout": 0.1,
    "batch_size": 64,
    "learning_rate": 1e-05,
    "solver": "Tsit5",
    "weight_decay": 0.0,
    "dt0": 0.0001,
    "rtol": 0.00015,
    "atol": 2e-06
  }
}