{
  "config_id": 1,
  "n_runs": 2,
  "mean_test_rmse": 0.0086065343946785,
  "std_test_rmse": 0.00021675482397409945,
  "median_test_rmse": 0.0086065343946785,
  "max_test_rmse": 0.0088232892186526,
  "min_test_rmse": 0.0083897795707044,
  "robust_score": 0.008823289218652601,
  "mean_val_loss": 8.928574137011554e-05,
  "std_val_loss": 6.570628684028122e-06,
  "mean_training_time": 334.02501130104065,
  "std_training_time": 3.1543385982513428,
  "config": {
    "width_NODE": 73,
    "depth_NODE": 1,
    "normalize": true,
    "dropout": 0.1,
    "batch_size": 128,
    "learning_rate": 1e-05,
    "solver": "Tsit5",
    "weight_decay": 0.0,
    "dt0": 0.0001,
    "rtol": 0.00015,
    "atol": 2e-06
  }
}