{
  "config_id": 16,
  "n_runs": 2,
  "mean_test_rmse": 0.004582871913579809,
  "std_test_rmse": 0.0003369991135119916,
  "median_test_rmse": 0.004582871913579809,
  "max_test_rmse": 0.0049198710270918,
  "min_test_rmse": 0.004245872800067817,
  "robust_score": 0.0049198710270918,
  "mean_val_loss": 2.2749592717024165e-05,
  "std_val_loss": 5.3577317767194135e-06,
  "mean_training_time": 7394.147695422173,
  "std_training_time": 3406.3699666261673,
  "config": {
    "width_NODE": 256,
    "depth_NODE": 1,
    "normalize": true,
    "dropout": 0.1,
    "batch_size": 256,
    "learning_rate": 1e-05,
    "solver": "Tsit5",
    "weight_decay": 0.0,
    "dt0": 0.0001,
    "rtol": 0.00015,
    "atol": 2e-06
  }
}