{
  "config_id": 5,
  "n_runs": 3,
  "mean_test_rmse": 0.008724135933257167,
  "std_test_rmse": 0.000333508020952885,
  "median_test_rmse": 0.0086161870309326,
  "max_test_rmse": 0.009175730398912,
  "min_test_rmse": 0.0083804903699269,
  "robust_score": 0.009057643954210052,
  "mean_val_loss": 8.316635929738012e-05,
  "std_val_loss": 9.932161271212826e-06,
  "mean_training_time": 255.17520578702292,
  "std_training_time": 1.8310978922286765,
  "config": {
    "width_NODE": 73,
    "depth_NODE": 1,
    "normalize": true,
    "dropout": 0.1,
    "batch_size": 64,
    "learning_rate": 1e-05,
    "solver": "Tsit5",
    "weight_decay": 0.0,
    "dt0": 0.0001,
    "rtol": 0.00015,
    "atol": 2e-06
  }
}