{
  "config_id": 11,
  "n_runs": 2,
  "mean_test_rmse": 0.0059137604794299,
  "std_test_rmse": 0.00040309208178049977,
  "median_test_rmse": 0.0059137604794299,
  "max_test_rmse": 0.0063168525612104,
  "min_test_rmse": 0.0055106683976494,
  "robust_score": 0.0063168525612104,
  "mean_val_loss": 3.916540708617724e-05,
  "std_val_loss": 1.218729266757565e-06,
  "mean_training_time": 394.8847814798355,
  "std_training_time": 5.034248948097257,
  "config": {
    "width_NODE": 256,
    "depth_NODE": 1,
    "normalize": true,
    "dropout": 0.1,
    "batch_size": 24,
    "learning_rate": 1e-05,
    "solver": "Tsit5",
    "weight_decay": 0.0,
    "dt0": 0.0001,
    "rtol": 0.00015,
    "atol": 2e-06
  }
}