{
  "config_id": 6,
  "n_runs": 6,
  "mean_test_rmse": 0.009731934318051801,
  "std_test_rmse": 0.00021626936636239363,
  "median_test_rmse": 0.0096532326975139,
  "max_test_rmse": 0.0101407400884898,
  "min_test_rmse": 0.0095270371800487,
  "robust_score": 0.009948203684414195,
  "mean_val_loss": 9.867052408762565e-05,
  "std_val_loss": 6.519161703245916e-06,
  "mean_training_time": 164.26444876194,
  "std_training_time": 11.109224017627348,
  "config": {
    "width_NODE": 73,
    "depth_NODE": 1,
    "normalize": true,
    "dropout": 0.1,
    "batch_size": 16,
    "learning_rate": 1e-05,
    "solver": "Tsit5",
    "weight_decay": 0.0,
    "dt0": 0.0001,
    "rtol": 0.00015,
    "atol": 2e-06
  }
}