{
  "config_id": 7,
  "n_runs": 2,
  "mean_test_rmse": 0.0052479595517767996,
  "std_test_rmse": 0.00015370464526520038,
  "median_test_rmse": 0.0052479595517767996,
  "max_test_rmse": 0.005401664197042,
  "min_test_rmse": 0.0050942549065116,
  "robust_score": 0.0054016641970419995,
  "mean_val_loss": 2.9035701497946675e-05,
  "std_val_loss": 4.646901467707892e-06,
  "mean_training_time": 736.61674451828,
  "std_training_time": 37.860546588897705,
  "config": {
    "width_NODE": 512,
    "depth_NODE": 1,
    "normalize": true,
    "dropout": 0.1,
    "batch_size": 32,
    "learning_rate": 1e-05,
    "solver": "Tsit5",
    "weight_decay": 0.0,
    "dt0": 0.0001,
    "rtol": 0.00015,
    "atol": 2e-06
  }
}