{
  "config_id": 26,
  "n_runs": 2,
  "mean_test_rmse": 0.005485241087612501,
  "std_test_rmse": 6.93797886149e-05,
  "median_test_rmse": 0.005485241087612501,
  "max_test_rmse": 0.0055546208762274,
  "min_test_rmse": 0.0054158612989976,
  "robust_score": 0.005554620876227401,
  "mean_val_loss": 3.21542116721144e-05,
  "std_val_loss": 1.2894037268798564e-06,
  "mean_training_time": 601.1621980667114,
  "std_training_time": 83.9824435710907,
  "config": {
    "width_NODE": 256,
    "depth_NODE": 1,
    "normalize": true,
    "dropout": 0.1,
    "batch_size": 32,
    "learning_rate": 1e-05,
    "solver": "Tsit5",
    "weight_decay": 0.0,
    "dt0": 0.0001,
    "rtol": 0.00015,
    "atol": 2e-06
  }
}