{
  "config_id": 15,
  "n_runs": 2,
  "mean_test_rmse": 0.010166886250216351,
  "std_test_rmse": 0.0012823422305307504,
  "median_test_rmse": 0.010166886250216351,
  "max_test_rmse": 0.0114492284807471,
  "min_test_rmse": 0.0088845440196856,
  "robust_score": 0.0114492284807471,
  "mean_val_loss": 0.00010411453496280172,
  "std_val_loss": 2.9332130528798263e-05,
  "mean_training_time": 141.84278535842896,
  "std_training_time": 2.858281850814805,
  "config": {
    "width_NODE": 512,
    "depth_NODE": 1,
    "normalize": true,
    "dropout": 0.1,
    "batch_size": 1,
    "learning_rate": 1e-05,
    "solver": "Tsit5",
    "weight_decay": 0.0,
    "dt0": 0.0001,
    "rtol": 0.00015,
    "atol": 2e-06
  }
}