{
  "config_id": 29,
  "n_runs": 2,
  "mean_test_rmse": 0.00564518088339735,
  "std_test_rmse": 0.00021342379647175,
  "median_test_rmse": 0.00564518088339735,
  "max_test_rmse": 0.0058586046798691,
  "min_test_rmse": 0.0054317570869256,
  "robust_score": 0.0058586046798691,
  "mean_val_loss": 3.7439392685131474e-05,
  "std_val_loss": 5.314571298078459e-06,
  "mean_training_time": 717.6458622217178,
  "std_training_time": 28.470166563987732,
  "config": {
    "width_NODE": 64,
    "depth_NODE": 1,
    "normalize": true,
    "dropout": 0.1,
    "batch_size": 64,
    "learning_rate": 1e-05,
    "solver": "Tsit5",
    "weight_decay": 0.0,
    "dt0": 0.0001,
    "rtol": 0.00015,
    "atol": 2e-06
  }
}