{
  "config_id": 0,
  "n_runs": 4,
  "mean_test_rmse": 0.00516122438467705,
  "std_test_rmse": 0.0004227268491733303,
  "median_test_rmse": 0.0050641201745653,
  "max_test_rmse": 0.0057689848126039,
  "min_test_rmse": 0.0047476723769737,
  "robust_score": 0.00558395123385038,
  "mean_val_loss": 2.5628420357308036e-05,
  "std_val_loss": 5.446187063709663e-06,
  "mean_training_time": 421.4822164773941,
  "std_training_time": 39.11632563753497,
  "config": {
    "width_NODE": 73,
    "depth_NODE": 1,
    "normalize": true,
    "dropout": 0.1,
    "batch_size": 128,
    "learning_rate": 0.0005,
    "solver": "Tsit5",
    "weight_decay": 0.0,
    "dt0": 0.0001,
    "rtol": 0.00015,
    "atol": 2e-06
  }
}