{
  "config_id": 1,
  "n_runs": 5,
  "mean_test_rmse": 0.01029615463907754,
  "std_test_rmse": 0.0004393526770511031,
  "median_test_rmse": 0.0101260521264237,
  "max_test_rmse": 0.0111015321788501,
  "min_test_rmse": 0.0098950069120172,
  "robust_score": 0.010735507316128642,
  "mean_val_loss": 0.00011107217316859352,
  "std_val_loss": 1.0175546212415502e-05,
  "mean_training_time": 152.27723588943482,
  "std_training_time": 7.729651616378839,
  "config": {
    "width_NODE": 73,
    "depth_NODE": 1,
    "normalize": true,
    "dropout": 0.1,
    "batch_size": 16,
    "learning_rate": 1e-05,
    "solver": "Tsit5",
    "weight_decay": 0.0,
    "dt0": 0.0001,
    "rtol": 0.00015,
    "atol": 2e-06
  }
}