{
  "config_id": 12,
  "n_runs": 6,
  "mean_test_rmse": 0.007642295164662483,
  "std_test_rmse": 0.00043484572117704316,
  "median_test_rmse": 0.0076322214929003505,
  "max_test_rmse": 0.0083552264742166,
  "min_test_rmse": 0.0068722930016345,
  "robust_score": 0.008077140885839527,
  "mean_val_loss": 5.948532394204703e-05,
  "std_val_loss": 2.4684617621544964e-06,
  "mean_training_time": 850.3676983912786,
  "std_training_time": 131.48783155651103,
  "config": {
    "width_NODE": 96,
    "depth_NODE": 1,
    "normalize": true,
    "dropout": 0.1,
    "batch_size": 128,
    "learning_rate": 1e-05,
    "solver": "Tsit5",
    "weight_decay": 0.0,
    "dt0": 0.0001,
    "rtol": 0.00015,
    "atol": 2e-06
  }
}