{
  "config_id": 1,
  "n_runs": 2,
  "mean_test_rmse": 0.005093958855366501,
  "std_test_rmse": 5.386051802409994e-05,
  "median_test_rmse": 0.005093958855366501,
  "max_test_rmse": 0.0051478193733906,
  "min_test_rmse": 0.0050400983373424,
  "robust_score": 0.005147819373390601,
  "mean_val_loss": 2.762915745379147e-05,
  "std_val_loss": 2.4788544645958674e-06,
  "mean_training_time": 451.60155618190765,
  "std_training_time": 54.33225715160367,
  "config": {
    "width_NODE": 64,
    "depth_NODE": 1,
    "normalize": true,
    "dropout": 0.1,
    "batch_size": 50,
    "learning_rate": 1e-05,
    "solver": "Tsit5",
    "weight_decay": 0.0,
    "dt0": 0.0001,
    "rtol": 0.00015,
    "atol": 2e-06
  }
}