{
  "config_id": 1,
  "n_runs": 3,
  "mean_test_rmse": 0.0081888058743641,
  "std_test_rmse": 0.0002460939350252666,
  "median_test_rmse": 0.0083448538103618,
  "max_test_rmse": 0.0083801888820312,
  "min_test_rmse": 0.0078413749306993,
  "robust_score": 0.008434899809389367,
  "mean_val_loss": 6.592646672767549e-05,
  "std_val_loss": 3.3421286275096444e-06,
  "mean_training_time": 492.5209294160207,
  "std_training_time": 41.597733874990176,
  "config": {
    "width_NODE": 73,
    "depth_NODE": 1,
    "normalize": true,
    "dropout": 0.1,
    "batch_size": 128,
    "learning_rate": 1e-05,
    "solver": "Tsit5",
    "weight_decay": 0.0,
    "dt0": 0.0001,
    "rtol": 0.00015,
    "atol": 2e-06
  }
}