{
  "config_id": 8,
  "n_runs": 6,
  "mean_test_rmse": 0.007388146984756182,
  "std_test_rmse": 0.00042323285172721225,
  "median_test_rmse": 0.0075975594696904,
  "max_test_rmse": 0.0077384549033434,
  "min_test_rmse": 0.0065136342396302,
  "robust_score": 0.007811379836483394,
  "mean_val_loss": 5.512221779300177e-05,
  "std_val_loss": 2.8844528826508453e-06,
  "mean_training_time": 1215.223668773969,
  "std_training_time": 327.7872724650703,
  "config": {
    "width_NODE": 128,
    "depth_NODE": 1,
    "normalize": true,
    "dropout": 0.1,
    "batch_size": 128,
    "learning_rate": 1e-05,
    "solver": "Tsit5",
    "weight_decay": 0.0,
    "dt0": 0.0001,
    "rtol": 0.00015,
    "atol": 2e-06
  }
}