{
  "config_id": 6,
  "n_runs": 2,
  "mean_test_rmse": 0.00545094666783005,
  "std_test_rmse": 3.291442181494993e-05,
  "median_test_rmse": 0.00545094666783005,
  "max_test_rmse": 0.005483861089645,
  "min_test_rmse": 0.0054180322460151,
  "robust_score": 0.005483861089644999,
  "mean_val_loss": 3.05369031873434e-05,
  "std_val_loss": 2.5592383738433036e-06,
  "mean_training_time": 386.75866997241974,
  "std_training_time": 18.556048750877352,
  "config": {
    "width_NODE": 192,
    "depth_NODE": 1,
    "normalize": true,
    "dropout": 0.1,
    "batch_size": 8,
    "learning_rate": 1e-05,
    "solver": "Tsit5",
    "weight_decay": 0.0,
    "dt0": 0.0001,
    "rtol": 0.00015,
    "atol": 2e-06
  }
}