{
  "config_id": 31,
  "n_runs": 2,
  "mean_test_rmse": 0.005205101755850126,
  "std_test_rmse": 1.0686768604078589e-05,
  "median_test_rmse": 0.005205101755850126,
  "max_test_rmse": 0.005215788524454204,
  "min_test_rmse": 0.005194414987246047,
  "robust_score": 0.005215788524454205,
  "mean_val_loss": 2.338247948923457e-05,
  "std_val_loss": 6.00397502538346e-07,
  "mean_training_time": 7198.020039439201,
  "std_training_time": 947.788440823555,
  "config": {
    "width_NODE": 192,
    "depth_NODE": 1,
    "normalize": true,
    "dropout": 0.1,
    "batch_size": 300,
    "learning_rate": 1e-05,
    "solver": "Tsit5",
    "weight_decay": 0.0,
    "dt0": 0.0001,
    "rtol": 0.00015,
    "atol": 2e-06
  }
}