{
  "config_id": 15,
  "n_runs": 2,
  "mean_test_rmse": 0.005691178887457951,
  "std_test_rmse": 0.0002551866010749499,
  "median_test_rmse": 0.005691178887457951,
  "max_test_rmse": 0.0059463654885329,
  "min_test_rmse": 0.005435992286383,
  "robust_score": 0.0059463654885329,
  "mean_val_loss": 3.494800467954306e-05,
  "std_val_loss": 2.919784050748239e-06,
  "mean_training_time": 512.3155332803726,
  "std_training_time": 21.78174912929535,
  "config": {
    "width_NODE": 64,
    "depth_NODE": 1,
    "normalize": true,
    "dropout": 0.1,
    "batch_size": 16,
    "learning_rate": 1e-05,
    "solver": "Tsit5",
    "weight_decay": 0.0,
    "dt0": 0.0001,
    "rtol": 0.00015,
    "atol": 2e-06
  }
}