{
  "config_id": 2,
  "n_runs": 2,
  "mean_test_rmse": 0.007814632050077,
  "std_test_rmse": 0.0001543904723393004,
  "median_test_rmse": 0.007814632050077,
  "max_test_rmse": 0.0079690225224163,
  "min_test_rmse": 0.0076602415777377,
  "robust_score": 0.0079690225224163,
  "mean_val_loss": 5.284519934910917e-05,
  "std_val_loss": 9.03247349849202e-07,
  "mean_training_time": 747.6092176437378,
  "std_training_time": 20.247917413711548,
  "config": {
    "width_NODE": 73,
    "depth_NODE": 1,
    "normalize": true,
    "dropout": 0.1,
    "batch_size": 200,
    "learning_rate": 1e-05,
    "solver": "Tsit5",
    "weight_decay": 0.0,
    "dt0": 0.0001,
    "rtol": 0.00015,
    "atol": 2e-06
  }
}