{
  "config_id": 2,
  "n_runs": 4,
  "mean_test_rmse": 0.0101319509586013,
  "std_test_rmse": 0.000838211106944251,
  "median_test_rmse": 0.009884315216798448,
  "max_test_rmse": 0.011507977325534,
  "min_test_rmse": 0.0092511960752743,
  "robust_score": 0.01097016206554555,
  "mean_val_loss": 0.00010668182924003942,
  "std_val_loss": 1.610513625949062e-05,
  "mean_training_time": 114.13919878005981,
  "std_training_time": 4.103494617129517,
  "config": {
    "width_NODE": 73,
    "depth_NODE": 1,
    "normalize": true,
    "dropout": 0.1,
    "batch_size": 8,
    "learning_rate": 1e-05,
    "solver": "Tsit5",
    "weight_decay": 0.0,
    "dt0": 0.0001,
    "rtol": 0.00015,
    "atol": 2e-06
  }
}