{
  "config_id": 5,
  "n_runs": 2,
  "mean_test_rmse": 0.00976670234926695,
  "std_test_rmse": 0.0016301630688808503,
  "median_test_rmse": 0.00976670234926695,
  "max_test_rmse": 0.0113968654181478,
  "min_test_rmse": 0.0081365392803861,
  "robust_score": 0.0113968654181478,
  "mean_val_loss": 9.618865221804174e-05,
  "std_val_loss": 3.0430958849658274e-05,
  "mean_training_time": 155.42858350276947,
  "std_training_time": 23.8181015253067,
  "config": {
    "width_NODE": 128,
    "depth_NODE": 1,
    "normalize": true,
    "dropout": 0.1,
    "batch_size": 8,
    "learning_rate": 1e-05,
    "solver": "Tsit5",
    "weight_decay": 0.0,
    "dt0": 0.0001,
    "rtol": 0.00015,
    "atol": 2e-06
  }
}