{
  "config_id": 4,
  "n_runs": 6,
  "mean_test_rmse": 0.006420756058405666,
  "std_test_rmse": 0.00040184942096151626,
  "median_test_rmse": 0.0064506960331722,
  "max_test_rmse": 0.0069637925311255,
  "min_test_rmse": 0.0056638407406256,
  "robust_score": 0.006822605479367183,
  "mean_val_loss": 4.3234650449254455e-05,
  "std_val_loss": 4.509522259724602e-06,
  "mean_training_time": 2392.749866207441,
  "std_training_time": 660.0064547288922,
  "config": {
    "width_NODE": 256,
    "depth_NODE": 1,
    "normalize": true,
    "dropout": 0.1,
    "batch_size": 128,
    "learning_rate": 1e-05,
    "solver": "Tsit5",
    "weight_decay": 0.0,
    "dt0": 0.0001,
    "rtol": 0.00015,
    "atol": 2e-06
  }
}