{
  "config_id": 2,
  "n_runs": 4,
  "mean_test_rmse": 0.0079724835805975,
  "std_test_rmse": 0.0003423164083771094,
  "median_test_rmse": 0.00787698058472685,
  "max_test_rmse": 0.0085023580829551,
  "min_test_rmse": 0.0076336150699812,
  "robust_score": 0.008314799988974608,
  "mean_val_loss": 6.45654211303679e-05,
  "std_val_loss": 8.27415501739416e-06,
  "mean_training_time": 508.22038704156876,
  "std_training_time": 41.631940038491294,
  "config": {
    "width_NODE": 73,
    "depth_NODE": 1,
    "normalize": true,
    "dropout": 0.1,
    "batch_size": 128,
    "learning_rate": 1e-05,
    "solver": "Tsit5",
    "weight_decay": 0.0,
    "dt0": 0.0001,
    "rtol": 0.00015,
    "atol": 1e-06
  }
}