{
  "config_id": 3,
  "n_runs": 7,
  "mean_test_rmse": 0.005225998272331571,
  "std_test_rmse": 0.00031655360904192384,
  "median_test_rmse": 0.0051561173300064,
  "max_test_rmse": 0.0058597788714765,
  "min_test_rmse": 0.0048300701534382,
  "robust_score": 0.005542551881373495,
  "mean_val_loss": 2.7851705764722744e-05,
  "std_val_loss": 4.04671869368102e-06,
  "mean_training_time": 424.94401577540805,
  "std_training_time": 33.82148759632656,
  "config": {
    "width_NODE": 73,
    "depth_NODE": 1,
    "normalize": true,
    "dropout": 0.1,
    "batch_size": 128,
    "learning_rate": 0.001,
    "solver": "Tsit5",
    "weight_decay": 0.0,
    "dt0": 0.0001,
    "rtol": 0.00015,
    "atol": 2e-06
  }
}