{
  "config_id": 15,
  "n_runs": 2,
  "mean_test_rmse": 0.0053300950678314,
  "std_test_rmse": 9.681231358499992e-05,
  "median_test_rmse": 0.0053300950678314,
  "max_test_rmse": 0.0054269073814164,
  "min_test_rmse": 0.0052332827542464,
  "robust_score": 0.0054269073814164,
  "mean_val_loss": 3.0373034877430176e-05,
  "std_val_loss": 2.3896345820624554e-06,
  "mean_training_time": 363.60978519916534,
  "std_training_time": 19.871483922004728,
  "config": {
    "width_NODE": 256,
    "depth_NODE": 1,
    "normalize": true,
    "dropout": 0.1,
    "batch_size": 8,
    "learning_rate": 1e-05,
    "solver": "Tsit5",
    "weight_decay": 0.0,
    "dt0": 0.0001,
    "rtol": 0.00015,
    "atol": 2e-06
  }
}