{
  "config_id": 3,
  "n_runs": 2,
  "mean_test_rmse": 0.005117782432053301,
  "std_test_rmse": 7.197990023729986e-05,
  "median_test_rmse": 0.005117782432053301,
  "max_test_rmse": 0.0051897623322906,
  "min_test_rmse": 0.005045802531816,
  "robust_score": 0.0051897623322906,
  "mean_val_loss": 2.7936195648620858e-05,
  "std_val_loss": 3.952794419327019e-06,
  "mean_training_time": 452.79587841033936,
  "std_training_time": 57.80925178527835,
  "config": {
    "width_NODE": 192,
    "depth_NODE": 1,
    "normalize": true,
    "dropout": 0.1,
    "batch_size": 32,
    "learning_rate": 1e-05,
    "solver": "Tsit5",
    "weight_decay": 0.0,
    "dt0": 0.0001,
    "rtol": 0.00015,
    "atol": 2e-06
  }
}