{
  "config_id": 5,
  "n_runs": 4,
  "mean_test_rmse": 0.0081242647773948,
  "std_test_rmse": 0.0004417190937805288,
  "median_test_rmse": 0.00822847366954325,
  "max_test_rmse": 0.0086216491076826,
  "min_test_rmse": 0.0074184626628101,
  "robust_score": 0.008565983871175329,
  "mean_val_loss": 6.88110301375769e-05,
  "std_val_loss": 5.731260307415799e-06,
  "mean_training_time": 630.2763971090317,
  "std_training_time": 43.0616976266017,
  "config": {
    "width_NODE": 73,
    "depth_NODE": 1,
    "normalize": true,
    "dropout": 0.1,
    "batch_size": 128,
    "learning_rate": 1e-05,
    "solver": "Tsit5",
    "weight_decay": 0.0,
    "dt0": 1e-10,
    "rtol": 0.00015,
    "atol": 2e-06
  }
}