{
  "config_id": 0,
  "n_runs": 7,
  "mean_test_rmse": 0.010628947684085415,
  "std_test_rmse": 0.00041768976510599647,
  "median_test_rmse": 0.0107111090653909,
  "max_test_rmse": 0.011171388402125,
  "min_test_rmse": 0.0098737828582935,
  "robust_score": 0.011046637449191411,
  "mean_val_loss": 0.00011603349696092858,
  "std_val_loss": 4.413692320570124e-06,
  "mean_training_time": 140.913790839059,
  "std_training_time": 8.075487104329468,
  "config": {
    "width_NODE": 73,
    "depth_NODE": 1,
    "normalize": true,
    "dropout": 0.1,
    "batch_size": 4,
    "learning_rate": 1e-05,
    "solver": "Tsit5",
    "weight_decay": 0.0,
    "dt0": 0.0001,
    "rtol": 0.00015,
    "atol": 2e-06
  }
}