{
  "config_id": 29,
  "n_runs": 2,
  "mean_test_rmse": 0.00542082228071225,
  "std_test_rmse": 0.00015884014239815007,
  "median_test_rmse": 0.00542082228071225,
  "max_test_rmse": 0.0055796624231104,
  "min_test_rmse": 0.0052619821383141,
  "robust_score": 0.0055796624231104,
  "mean_val_loss": 2.9289683737196944e-05,
  "std_val_loss": 3.078034359791718e-06,
  "mean_training_time": 441.1221021413803,
  "std_training_time": 15.681267380714417,
  "config": {
    "width_NODE": 192,
    "depth_NODE": 1,
    "normalize": true,
    "dropout": 0.1,
    "batch_size": 16,
    "learning_rate": 1e-05,
    "solver": "Tsit5",
    "weight_decay": 0.0,
    "dt0": 0.0001,
    "rtol": 0.00015,
    "atol": 2e-06
  }
}