{
  "config_id": 4,
  "n_runs": 5,
  "mean_test_rmse": 0.0113335310273588,
  "std_test_rmse": 0.0006401517785912046,
  "median_test_rmse": 0.0115135555805642,
  "max_test_rmse": 0.0122622787196143,
  "min_test_rmse": 0.0103135807276282,
  "robust_score": 0.011973682805950004,
  "mean_val_loss": 0.00013498199825926,
  "std_val_loss": 7.214853185469456e-06,
  "mean_training_time": 130.43540029525758,
  "std_training_time": 9.98642682376242,
  "config": {
    "width_NODE": 73,
    "depth_NODE": 1,
    "normalize": true,
    "dropout": 0.1,
    "batch_size": 2,
    "learning_rate": 1e-05,
    "solver": "Tsit5",
    "weight_decay": 0.0,
    "dt0": 0.0001,
    "rtol": 0.00015,
    "atol": 2e-06
  }
}