{
  "config_id": 19,
  "n_runs": 2,
  "mean_test_rmse": 0.007454981981097149,
  "std_test_rmse": 0.0008008245951346498,
  "median_test_rmse": 0.007454981981097149,
  "max_test_rmse": 0.0082558065762318,
  "min_test_rmse": 0.0066541573859625,
  "robust_score": 0.0082558065762318,
  "mean_val_loss": 6.159430816399903e-05,
  "std_val_loss": 1.756733337096269e-05,
  "mean_training_time": 285.3593716621399,
  "std_training_time": 34.826770067214966,
  "config": {
    "width_NODE": 128,
    "depth_NODE": 1,
    "normalize": true,
    "dropout": 0.1,
    "batch_size": 4,
    "learning_rate": 1e-05,
    "solver": "Tsit5",
    "weight_decay": 0.0,
    "dt0": 0.0001,
    "rtol": 0.00015,
    "atol": 2e-06
  }
}