{
  "config_id": 18,
  "n_runs": 2,
  "mean_test_rmse": 0.01031395290557215,
  "std_test_rmse": 0.0007998633143173495,
  "median_test_rmse": 0.01031395290557215,
  "max_test_rmse": 0.0111138162198895,
  "min_test_rmse": 0.0095140895912548,
  "robust_score": 0.0111138162198895,
  "mean_val_loss": 0.0001187512910763,
  "std_val_loss": 2.082670193999999e-06,
  "mean_training_time": 152.1759306192398,
  "std_training_time": 3.2213069200515747,
  "config": {
    "width_NODE": 256,
    "depth_NODE": 1,
    "normalize": true,
    "dropout": 0.1,
    "batch_size": 1,
    "learning_rate": 1e-05,
    "solver": "Tsit5",
    "weight_decay": 0.0,
    "dt0": 0.0001,
    "rtol": 0.00015,
    "atol": 2e-06
  }
}