{
  "config_id": 19,
  "n_runs": 2,
  "mean_test_rmse": 0.00515604196064525,
  "std_test_rmse": 6.700824321684978e-05,
  "median_test_rmse": 0.00515604196064525,
  "max_test_rmse": 0.0052230502038621,
  "min_test_rmse": 0.0050890337174284,
  "robust_score": 0.0052230502038621,
  "mean_val_loss": 3.0778663281509404e-05,
  "std_val_loss": 1.831209507781217e-07,
  "mean_training_time": 537.6826242208481,
  "std_training_time": 51.5515376329422,
  "config": {
    "width_NODE": 192,
    "depth_NODE": 1,
    "normalize": true,
    "dropout": 0.1,
    "batch_size": 50,
    "learning_rate": 1e-05,
    "solver": "Tsit5",
    "weight_decay": 0.0,
    "dt0": 0.0001,
    "rtol": 0.00015,
    "atol": 2e-06
  }
}