{
  "config_id": 3,
  "n_runs": 2,
  "mean_test_rmse": 0.01113092774861445,
  "std_test_rmse": 0.00100300079994365,
  "median_test_rmse": 0.01113092774861445,
  "max_test_rmse": 0.0121339285485581,
  "min_test_rmse": 0.0101279269486708,
  "robust_score": 0.0121339285485581,
  "mean_val_loss": 0.00013883372103505002,
  "std_val_loss": 7.426316083549992e-06,
  "mean_training_time": 112.50045800209045,
  "std_training_time": 0.16905999183654785,
  "config": {
    "width_NODE": 73,
    "depth_NODE": 1,
    "normalize": true,
    "dropout": 0.1,
    "batch_size": 4,
    "learning_rate": 1e-05,
    "solver": "Tsit5",
    "weight_decay": 0.0,
    "dt0": 0.0001,
    "rtol": 0.00015,
    "atol": 2e-06
  }
}