{
  "config_id": 19,
  "n_runs": 2,
  "mean_test_rmse": 0.0050506525837175,
  "std_test_rmse": 0.0003483777864630999,
  "median_test_rmse": 0.0050506525837175,
  "max_test_rmse": 0.0053990303701806,
  "min_test_rmse": 0.0047022747972544,
  "robust_score": 0.0053990303701806,
  "mean_val_loss": 2.7237895071313966e-05,
  "std_val_loss": 4.381975779816829e-06,
  "mean_training_time": 2625.0770634412766,
  "std_training_time": 926.4298633337019,
  "config": {
    "width_NODE": 256,
    "depth_NODE": 1,
    "normalize": true,
    "dropout": 0.1,
    "batch_size": 128,
    "learning_rate": 1e-05,
    "solver": "Tsit5",
    "weight_decay": 0.0,
    "dt0": 0.0001,
    "rtol": 0.00015,
    "atol": 2e-06
  }
}