{
  "config_id": 21,
  "n_runs": 2,
  "mean_test_rmse": 0.00520798191144125,
  "std_test_rmse": 2.715258816925019e-05,
  "median_test_rmse": 0.00520798191144125,
  "max_test_rmse": 0.0052351344996105,
  "min_test_rmse": 0.005180829323272,
  "robust_score": 0.0052351344996105,
  "mean_val_loss": 2.9213606058200353e-05,
  "std_val_loss": 3.8628392975846935e-06,
  "mean_training_time": 433.2394621372223,
  "std_training_time": 6.380754232406616,
  "config": {
    "width_NODE": 256,
    "depth_NODE": 1,
    "normalize": true,
    "dropout": 0.1,
    "batch_size": 16,
    "learning_rate": 1e-05,
    "solver": "Tsit5",
    "weight_decay": 0.0,
    "dt0": 0.0001,
    "rtol": 0.00015,
    "atol": 2e-06
  }
}