{
  "config_id": 4,
  "n_runs": 2,
  "mean_test_rmse": 0.0084900384279579,
  "std_test_rmse": 0.00023761738974809998,
  "median_test_rmse": 0.0084900384279579,
  "max_test_rmse": 0.008727655817706,
  "min_test_rmse": 0.0082524210382098,
  "robust_score": 0.008727655817706001,
  "mean_val_loss": 6.787695839552291e-05,
  "std_val_loss": 9.54716426355894e-07,
  "mean_training_time": 567.3303221464157,
  "std_training_time": 25.86071217060089,
  "config": {
    "width_NODE": 73,
    "depth_NODE": 1,
    "normalize": true,
    "dropout": 0.3,
    "batch_size": 128,
    "learning_rate": 1e-05,
    "solver": "Tsit5",
    "weight_decay": 0.0,
    "dt0": 0.0001,
    "rtol": 0.00015,
    "atol": 2e-06
  }
}