{
  "config_id": 4,
  "n_runs": 2,
  "mean_test_rmse": 0.009766916793115199,
  "std_test_rmse": 0.0017523358914293,
  "median_test_rmse": 0.009766916793115199,
  "max_test_rmse": 0.0115192526845445,
  "min_test_rmse": 0.0080145809016859,
  "robust_score": 0.011519252684544498,
  "mean_val_loss": 0.00010253752221959311,
  "std_val_loss": 2.80503357542069e-05,
  "mean_training_time": 161.3183753490448,
  "std_training_time": 39.46086502075195,
  "config": {
    "width_NODE": 512,
    "depth_NODE": 1,
    "normalize": true,
    "dropout": 0.1,
    "batch_size": 8,
    "learning_rate": 1e-05,
    "solver": "Tsit5",
    "weight_decay": 0.0,
    "dt0": 0.0001,
    "rtol": 0.00015,
    "atol": 2e-06
  }
}