{
  "config_id": 1,
  "n_runs": 2,
  "mean_test_rmse": 0.0064004636836928995,
  "std_test_rmse": 9.61169645128002e-05,
  "median_test_rmse": 0.0064004636836928995,
  "max_test_rmse": 0.0064965806482057,
  "min_test_rmse": 0.0063043467191801,
  "robust_score": 0.0064965806482057,
  "mean_val_loss": 4.196309938947299e-05,
  "std_val_loss": 7.54928568882098e-07,
  "mean_training_time": 355.61986219882965,
  "std_training_time": 8.260611653327942,
  "config": {
    "width_NODE": 256,
    "depth_NODE": 1,
    "normalize": true,
    "dropout": 0.1,
    "batch_size": 8,
    "learning_rate": 1e-05,
    "solver": "Tsit5",
    "weight_decay": 0.0,
    "dt0": 0.0001,
    "rtol": 0.00015,
    "atol": 2e-06
  }
}