{
  "config_id": 0,
  "n_runs": 6,
  "mean_test_rmse": 0.015728555710915536,
  "std_test_rmse": 0.007781737609793454,
  "median_test_rmse": 0.01255989587692575,
  "max_test_rmse": 0.0330016169340618,
  "min_test_rmse": 0.0111537549916216,
  "robust_score": 0.02351029332070899,
  "mean_val_loss": 0.0005102373401462333,
  "std_val_loss": 0.0008097225022083252,
  "mean_training_time": 119.86281470457713,
  "std_training_time": 18.68395007821202,
  "config": {
    "width_NODE": 73,
    "depth_NODE": 1,
    "normalize": true,
    "dropout": 0.1,
    "batch_size": 2,
    "learning_rate": 1e-05,
    "solver": "Tsit5",
    "weight_decay": 0.0,
    "dt0": 0.0001,
    "rtol": 0.00015,
    "atol": 2e-06
  }
}