{
  "config_id": 11,
  "n_runs": 2,
  "mean_test_rmse": 0.00532744447176695,
  "std_test_rmse": 0.00024751211165875003,
  "median_test_rmse": 0.00532744447176695,
  "max_test_rmse": 0.0055749565834257,
  "min_test_rmse": 0.0050799323601082,
  "robust_score": 0.0055749565834257,
  "mean_val_loss": 2.828316104567344e-05,
  "std_val_loss": 2.191328899010567e-06,
  "mean_training_time": 2296.730647087097,
  "std_training_time": 337.97358226776123,
  "config": {
    "width_NODE": 256,
    "depth_NODE": 1,
    "normalize": true,
    "dropout": 0.1,
    "batch_size": 200,
    "learning_rate": 1e-05,
    "solver": "Tsit5",
    "weight_decay": 0.0,
    "dt0": 0.0001,
    "rtol": 0.00015,
    "atol": 2e-06
  }
}