{
  "config_id": 1,
  "n_runs": 3,
  "mean_test_rmse": 0.012980572950246865,
  "std_test_rmse": 0.0005065071935981126,
  "median_test_rmse": 0.0129982652342903,
  "max_test_rmse": 0.0135918796466964,
  "min_test_rmse": 0.0123515739697539,
  "robust_score": 0.013487080143844978,
  "mean_val_loss": 0.0001822667418292,
  "std_val_loss": 1.4839742389550777e-05,
  "mean_training_time": 742.5537348588308,
  "std_training_time": 138.50089885689664,
  "config": {
    "width_NODE": 73,
    "depth_NODE": 2,
    "normalize": true,
    "dropout": 0.1,
    "batch_size": 128,
    "learning_rate": 1e-05,
    "solver": "Tsit5",
    "weight_decay": 0.0,
    "dt0": 0.0001,
    "rtol": 0.00015,
    "atol": 2e-06
  }
}