{
  "config_id": 2,
  "n_runs": 7,
  "mean_test_rmse": 0.00957546137646813,
  "std_test_rmse": 0.0002886095283861453,
  "median_test_rmse": 0.009467069976766,
  "max_test_rmse": 0.010172144670048,
  "min_test_rmse": 0.0091822537535676,
  "robust_score": 0.009864070904854276,
  "mean_val_loss": 9.264119987427754e-05,
  "std_val_loss": 5.839045118957194e-06,
  "mean_training_time": 167.14987598146712,
  "std_training_time": 10.014217252849436,
  "config": {
    "width_NODE": 73,
    "depth_NODE": 1,
    "normalize": true,
    "dropout": 0.1,
    "batch_size": 16,
    "learning_rate": 1e-05,
    "solver": "Tsit5",
    "weight_decay": 0.0,
    "dt0": 0.0001,
    "rtol": 0.00015,
    "atol": 2e-06
  }
}