{
  "config_id": 35,
  "n_runs": 2,
  "mean_test_rmse": 0.005209039133281229,
  "std_test_rmse": 0.00022907014031112952,
  "median_test_rmse": 0.005209039133281229,
  "max_test_rmse": 0.005438109273592359,
  "min_test_rmse": 0.0049799689929701,
  "robust_score": 0.005438109273592359,
  "mean_val_loss": 2.7668130893412835e-05,
  "std_val_loss": 1.8694813691210284e-06,
  "mean_training_time": 690.9308303594589,
  "std_training_time": 159.60983979701996,
  "config": {
    "width_NODE": 256,
    "depth_NODE": 1,
    "normalize": true,
    "dropout": 0.1,
    "batch_size": 16,
    "learning_rate": 1e-05,
    "solver": "Tsit5",
    "weight_decay": 0.0,
    "dt0": 0.0001,
    "rtol": 0.00015,
    "atol": 2e-06
  }
}