{
  "config_id": 39,
  "n_runs": 2,
  "mean_test_rmse": 0.0049573597819688,
  "std_test_rmse": 2.8623980209099842e-05,
  "median_test_rmse": 0.0049573597819688,
  "max_test_rmse": 0.0049859837621779,
  "min_test_rmse": 0.0049287358017597,
  "robust_score": 0.0049859837621779,
  "mean_val_loss": 2.5257651029588467e-05,
  "std_val_loss": 3.3264315088281216e-06,
  "mean_training_time": 2811.8431380987163,
  "std_training_time": 814.8422936201091,
  "config": {
    "width_NODE": 256,
    "depth_NODE": 1,
    "normalize": true,
    "dropout": 0.1,
    "batch_size": 192,
    "learning_rate": 1e-05,
    "solver": "Tsit5",
    "weight_decay": 0.0,
    "dt0": 0.0001,
    "rtol": 0.00015,
    "atol": 2e-06
  }
}