{
  "config_id": 0,
  "n_runs": 2,
  "mean_test_rmse": 0.00838202659094715,
  "std_test_rmse": 0.00050336891942185,
  "median_test_rmse": 0.00838202659094715,
  "max_test_rmse": 0.008885395510369,
  "min_test_rmse": 0.0078786576715253,
  "robust_score": 0.008885395510369,
  "mean_val_loss": 8.04311384625903e-05,
  "std_val_loss": 1.171754311556318e-06,
  "mean_training_time": 498.30997347831726,
  "std_training_time": 25.38992929458618,
  "config": {
    "width_NODE": 73,
    "depth_NODE": 1,
    "normalize": true,
    "dropout": 0.1,
    "batch_size": 128,
    "learning_rate": 1e-05,
    "solver": "Tsit5",
    "weight_decay": 0.001,
    "dt0": 0.0001,
    "rtol": 0.001,
    "atol": 1e-05
  }
}