{
  "config_id": 3,
  "n_runs": 6,
  "mean_test_rmse": 0.01126733442898245,
  "std_test_rmse": 0.0006290860388632049,
  "median_test_rmse": 0.011020874868559849,
  "max_test_rmse": 0.0125311220598427,
  "min_test_rmse": 0.0106928229890163,
  "robust_score": 0.011896420467845656,
  "mean_val_loss": 0.00013102585267375,
  "std_val_loss": 1.5124934241979808e-05,
  "mean_training_time": 131.21794664859772,
  "std_training_time": 14.578661583139366,
  "config": {
    "width_NODE": 73,
    "depth_NODE": 1,
    "normalize": true,
    "dropout": 0.1,
    "batch_size": 4,
    "learning_rate": 1e-05,
    "solver": "Tsit5",
    "weight_decay": 0.0,
    "dt0": 0.0001,
    "rtol": 0.00015,
    "atol": 2e-06
  }
}