{
  "config_id": 16,
  "n_runs": 2,
  "mean_test_rmse": 0.00528243983679815,
  "std_test_rmse": 8.189166353245007e-05,
  "median_test_rmse": 0.00528243983679815,
  "max_test_rmse": 0.0053643315003306,
  "min_test_rmse": 0.0052005481732657,
  "robust_score": 0.0053643315003306,
  "mean_val_loss": 2.985149105292478e-05,
  "std_val_loss": 1.1781932619177534e-06,
  "mean_training_time": 2239.621626496315,
  "std_training_time": 5.619118571281433,
  "config": {
    "width_NODE": 192,
    "depth_NODE": 1,
    "normalize": true,
    "dropout": 0.1,
    "batch_size": 192,
    "learning_rate": 1e-05,
    "solver": "Tsit5",
    "weight_decay": 0.0,
    "dt0": 0.0001,
    "rtol": 0.00015,
    "atol": 2e-06
  }
}