{
  "config_id": 7,
  "n_runs": 2,
  "mean_test_rmse": 0.004829049900421831,
  "std_test_rmse": 0.00037082003056348664,
  "median_test_rmse": 0.004829049900421831,
  "max_test_rmse": 0.005199869930985318,
  "min_test_rmse": 0.004458229869858344,
  "robust_score": 0.005199869930985318,
  "mean_val_loss": 2.4943746929533854e-05,
  "std_val_loss": 3.6752180497432067e-06,
  "mean_training_time": 6902.271587848663,
  "std_training_time": 2885.4438030719757,
  "config": {
    "width_NODE": 256,
    "depth_NODE": 1,
    "normalize": true,
    "dropout": 0.1,
    "batch_size": 192,
    "learning_rate": 1e-05,
    "solver": "Tsit5",
    "weight_decay": 0.0,
    "dt0": 0.0001,
    "rtol": 0.00015,
    "atol": 2e-06
  }
}