{
  "config_id": 5,
  "n_runs": 2,
  "mean_test_rmse": 0.005618654080274401,
  "std_test_rmse": 0.00019169646126489985,
  "median_test_rmse": 0.005618654080274401,
  "max_test_rmse": 0.0058103505415393,
  "min_test_rmse": 0.0054269576190095,
  "robust_score": 0.0058103505415393,
  "mean_val_loss": 3.392268722408437e-05,
  "std_val_loss": 6.894893901339404e-06,
  "mean_training_time": 371.6905310153961,
  "std_training_time": 23.203623294830294,
  "config": {
    "width_NODE": 128,
    "depth_NODE": 1,
    "normalize": true,
    "dropout": 0.1,
    "batch_size": 16,
    "learning_rate": 1e-05,
    "solver": "Tsit5",
    "weight_decay": 0.0,
    "dt0": 0.0001,
    "rtol": 0.00015,
    "atol": 2e-06
  }
}