{
  "config_id": 0,
  "n_runs": 7,
  "mean_test_rmse": 0.0094609995439945,
  "std_test_rmse": 0.00023684993157470688,
  "median_test_rmse": 0.0095389682879275,
  "max_test_rmse": 0.0097955818006352,
  "min_test_rmse": 0.0090132014960878,
  "robust_score": 0.009697849475569207,
  "mean_val_loss": 9.824213189455463e-05,
  "std_val_loss": 8.971907842713667e-06,
  "mean_training_time": 170.29279007230485,
  "std_training_time": 11.540204582146094,
  "config": {
    "width_NODE": 73,
    "depth_NODE": 1,
    "normalize": true,
    "dropout": 0.1,
    "batch_size": 16,
    "learning_rate": 1e-05,
    "solver": "Tsit5",
    "weight_decay": 0.0,
    "dt0": 0.0001,
    "rtol": 0.00015,
    "atol": 2e-06
  }
}