{
  "config_id": 0,
  "n_runs": 2,
  "mean_test_rmse": 0.0059652145894115004,
  "std_test_rmse": 0.0001064189375683997,
  "median_test_rmse": 0.0059652145894115004,
  "max_test_rmse": 0.0060716335269799,
  "min_test_rmse": 0.0058587956518431,
  "robust_score": 0.006071633526979901,
  "mean_val_loss": 3.7584635521992465e-05,
  "std_val_loss": 6.172471432381906e-06,
  "mean_training_time": 383.58060908317566,
  "std_training_time": 13.048772335052462,
  "config": {
    "width_NODE": 64,
    "depth_NODE": 1,
    "normalize": true,
    "dropout": 0.1,
    "batch_size": 8,
    "learning_rate": 1e-05,
    "solver": "Tsit5",
    "weight_decay": 0.0,
    "dt0": 0.0001,
    "rtol": 0.00015,
    "atol": 2e-06
  }
}