{
  "config_id": 26,
  "n_runs": 2,
  "mean_test_rmse": 0.004912857848377033,
  "std_test_rmse": 0.00014241862788991373,
  "median_test_rmse": 0.004912857848377033,
  "max_test_rmse": 0.005055276476266947,
  "min_test_rmse": 0.0047704392204871195,
  "robust_score": 0.005055276476266947,
  "mean_val_loss": 2.1282852189258936e-05,
  "std_val_loss": 7.99748346802407e-07,
  "mean_training_time": 10801.724530935287,
  "std_training_time": 0.9297327995300293,
  "config": {
    "width_NODE": 512,
    "depth_NODE": 1,
    "normalize": true,
    "dropout": 0.1,
    "batch_size": 500,
    "learning_rate": 1e-05,
    "solver": "Tsit5",
    "weight_decay": 0.0,
    "dt0": 0.0001,
    "rtol": 0.00015,
    "atol": 2e-06
  }
}