{
  "config_id": 3,
  "n_runs": 3,
  "mean_test_rmse": 0.009329984750622333,
  "std_test_rmse": 0.0003095574419997985,
  "median_test_rmse": 0.0094151661741586,
  "max_test_rmse": 0.0096592768277265,
  "min_test_rmse": 0.0089155112499819,
  "robust_score": 0.009639542192622131,
  "mean_val_loss": 9.537571230978303e-05,
  "std_val_loss": 8.327879062793318e-06,
  "mean_training_time": 222.05071457227072,
  "std_training_time": 32.659991433028644,
  "config": {
    "width_NODE": 73,
    "depth_NODE": 1,
    "normalize": true,
    "dropout": 0.1,
    "batch_size": 32,
    "learning_rate": 1e-05,
    "solver": "Tsit5",
    "weight_decay": 0.0,
    "dt0": 0.0001,
    "rtol": 0.00015,
    "atol": 2e-06
  }
}