{
  "config_id": 3,
  "n_runs": 2,
  "mean_test_rmse": 0.00587658907922145,
  "std_test_rmse": 0.0003573522037377502,
  "median_test_rmse": 0.00587658907922145,
  "max_test_rmse": 0.0062339412829592,
  "min_test_rmse": 0.0055192368754837,
  "robust_score": 0.006233941282959201,
  "mean_val_loss": 3.836888915264932e-05,
  "std_val_loss": 8.471505001431373e-07,
  "mean_training_time": 370.0658850669861,
  "std_training_time": 21.15041995048523,
  "config": {
    "width_NODE": 512,
    "depth_NODE": 1,
    "normalize": true,
    "dropout": 0.1,
    "batch_size": 8,
    "learning_rate": 1e-05,
    "solver": "Tsit5",
    "weight_decay": 0.0,
    "dt0": 0.0001,
    "rtol": 0.00015,
    "atol": 2e-06
  }
}