{
  "config_id": 10,
  "n_runs": 2,
  "mean_test_rmse": 0.00995845011444255,
  "std_test_rmse": 0.0013440919737186495,
  "median_test_rmse": 0.00995845011444255,
  "max_test_rmse": 0.0113025420881612,
  "min_test_rmse": 0.0086143581407239,
  "robust_score": 0.0113025420881612,
  "mean_val_loss": 0.00011037056524185136,
  "std_val_loss": 1.3959144745948652e-05,
  "mean_training_time": 150.80813074111938,
  "std_training_time": 6.533857822418213,
  "config": {
    "width_NODE": 64,
    "depth_NODE": 1,
    "normalize": true,
    "dropout": 0.1,
    "batch_size": 4,
    "learning_rate": 1e-05,
    "solver": "Tsit5",
    "weight_decay": 0.0,
    "dt0": 0.0001,
    "rtol": 0.00015,
    "atol": 2e-06
  }
}