{
  "config_id": 13,
  "n_runs": 2,
  "mean_test_rmse": 0.00949691913424945,
  "std_test_rmse": 0.00010357656128774997,
  "median_test_rmse": 0.00949691913424945,
  "max_test_rmse": 0.0096004956955372,
  "min_test_rmse": 0.0093933425729617,
  "robust_score": 0.0096004956955372,
  "mean_val_loss": 0.00010128254422137907,
  "std_val_loss": 1.9701944205720934e-05,
  "mean_training_time": 201.6528582572937,
  "std_training_time": 9.015884876251206,
  "config": {
    "width_NODE": 64,
    "depth_NODE": 1,
    "normalize": true,
    "dropout": 0.1,
    "batch_size": 1,
    "learning_rate": 1e-05,
    "solver": "Tsit5",
    "weight_decay": 0.0,
    "dt0": 0.0001,
    "rtol": 0.00015,
    "atol": 2e-06
  }
}