{
  "config_id": 22,
  "n_runs": 2,
  "mean_test_rmse": 0.00606663250054385,
  "std_test_rmse": 0.00019985016597594968,
  "median_test_rmse": 0.00606663250054385,
  "max_test_rmse": 0.0062664826665198,
  "min_test_rmse": 0.0058667823345679,
  "robust_score": 0.0062664826665198,
  "mean_val_loss": 3.906670050765729e-05,
  "std_val_loss": 2.7749877706939343e-06,
  "mean_training_time": 295.1538155078888,
  "std_training_time": 52.164288759231596,
  "config": {
    "width_NODE": 256,
    "depth_NODE": 1,
    "normalize": true,
    "dropout": 0.1,
    "batch_size": 4,
    "learning_rate": 1e-05,
    "solver": "Tsit5",
    "weight_decay": 0.0,
    "dt0": 0.0001,
    "rtol": 0.00015,
    "atol": 2e-06
  }
}