{
  "config_id": 1,
  "n_runs": 5,
  "mean_test_rmse": 0.00820572387342062,
  "std_test_rmse": 0.0005107823329771441,
  "median_test_rmse": 0.0078854553310209,
  "max_test_rmse": 0.0090584666915738,
  "min_test_rmse": 0.0076851273329684,
  "robust_score": 0.008716506206397764,
  "mean_val_loss": 6.995147618781988e-05,
  "std_val_loss": 6.982677353058619e-06,
  "mean_training_time": 485.019028711319,
  "std_training_time": 54.355567371334864,
  "config": {
    "width_NODE": 73,
    "depth_NODE": 1,
    "normalize": true,
    "dropout": 0.1,
    "batch_size": 128,
    "learning_rate": 1e-05,
    "solver": "Tsit5",
    "weight_decay": 0.0,
    "dt0": 0.0001,
    "rtol": 0.00015,
    "atol": 1e-05
  }
}