{
  "config_id": 1,
  "n_runs": 2,
  "mean_test_rmse": 0.00987013828968885,
  "std_test_rmse": 0.0012364643897411504,
  "median_test_rmse": 0.00987013828968885,
  "max_test_rmse": 0.01110660267943,
  "min_test_rmse": 0.0086336738999477,
  "robust_score": 0.01110660267943,
  "mean_val_loss": 9.552702105846068e-05,
  "std_val_loss": 2.472214795733933e-05,
  "mean_training_time": 178.01072919368744,
  "std_training_time": 52.99755108356476,
  "config": {
    "width_NODE": 256,
    "depth_NODE": 1,
    "normalize": true,
    "dropout": 0.1,
    "batch_size": 2,
    "learning_rate": 1e-05,
    "solver": "Tsit5",
    "weight_decay": 0.0,
    "dt0": 0.0001,
    "rtol": 0.00015,
    "atol": 2e-06
  }
}