{
  "config_id": 20,
  "n_runs": 2,
  "mean_test_rmse": 0.0051665423676636995,
  "std_test_rmse": 8.005122112579978e-05,
  "median_test_rmse": 0.0051665423676636995,
  "max_test_rmse": 0.0052465935887895,
  "min_test_rmse": 0.0050864911465379,
  "robust_score": 0.005246593588789499,
  "mean_val_loss": 2.7694181990011626e-05,
  "std_val_loss": 1.1660911265050848e-06,
  "mean_training_time": 2455.7327444553375,
  "std_training_time": 394.90113592147804,
  "config": {
    "width_NODE": 64,
    "depth_NODE": 1,
    "normalize": true,
    "dropout": 0.1,
    "batch_size": 300,
    "learning_rate": 1e-05,
    "solver": "Tsit5",
    "weight_decay": 0.0,
    "dt0": 0.0001,
    "rtol": 0.00015,
    "atol": 2e-06
  }
}