{
  "config_id": 3,
  "n_runs": 7,
  "mean_test_rmse": 0.008376684489537057,
  "std_test_rmse": 0.00045960712537337,
  "median_test_rmse": 0.0083827226751151,
  "max_test_rmse": 0.0088904224259921,
  "min_test_rmse": 0.0074913862426164,
  "robust_score": 0.008836291614910428,
  "mean_val_loss": 7.134771779735554e-05,
  "std_val_loss": 6.5818065586924584e-06,
  "mean_training_time": 498.8874942575182,
  "std_training_time": 71.9609938661295,
  "config": {
    "width_NODE": 73,
    "depth_NODE": 1,
    "normalize": true,
    "dropout": 0.0,
    "batch_size": 128,
    "learning_rate": 1e-05,
    "solver": "Tsit5",
    "weight_decay": 0.0,
    "dt0": 0.0001,
    "rtol": 0.00015,
    "atol": 2e-06
  }
}