{
  "config_id": 11,
  "n_runs": 6,
  "mean_test_rmse": 0.007965992470184534,
  "std_test_rmse": 0.0004577118484904949,
  "median_test_rmse": 0.008113531650740299,
  "max_test_rmse": 0.0084525476681627,
  "min_test_rmse": 0.0070562403686303,
  "robust_score": 0.008423704318675028,
  "mean_val_loss": 6.306370051768013e-05,
  "std_val_loss": 2.2412171739762476e-06,
  "mean_training_time": 684.6763760646185,
  "std_training_time": 58.406053943176076,
  "config": {
    "width_NODE": 64,
    "depth_NODE": 1,
    "normalize": true,
    "dropout": 0.1,
    "batch_size": 128,
    "learning_rate": 1e-05,
    "solver": "Tsit5",
    "weight_decay": 0.0,
    "dt0": 0.0001,
    "rtol": 0.00015,
    "atol": 2e-06
  }
}