{
  "config_id": 5,
  "n_runs": 6,
  "mean_test_rmse": 0.007991862348705133,
  "std_test_rmse": 0.00041871294064491614,
  "median_test_rmse": 0.00804365303500205,
  "max_test_rmse": 0.0084767675248406,
  "min_test_rmse": 0.0074710338206395,
  "robust_score": 0.008410575289350049,
  "mean_val_loss": 6.491210885351666e-05,
  "std_val_loss": 7.177681546858995e-06,
  "mean_training_time": 558.0976544221243,
  "std_training_time": 59.66440893485219,
  "config": {
    "width_NODE": 73,
    "depth_NODE": 1,
    "normalize": true,
    "dropout": 0.1,
    "batch_size": 128,
    "learning_rate": 1e-05,
    "solver": "Tsit5",
    "weight_decay": 0.0,
    "dt0": 0.0001,
    "rtol": 0.00015,
    "atol": 2e-06
  }
}