{
  "config_id": 14,
  "n_runs": 2,
  "mean_test_rmse": 0.00598332498256195,
  "std_test_rmse": 0.00041406866821325,
  "median_test_rmse": 0.00598332498256195,
  "max_test_rmse": 0.0063973936507752,
  "min_test_rmse": 0.0055692563143487,
  "robust_score": 0.006397393650775201,
  "mean_val_loss": 3.931751695143793e-05,
  "std_val_loss": 1.2065814193523692e-06,
  "mean_training_time": 344.64119696617126,
  "std_training_time": 52.70364403724673,
  "config": {
    "width_NODE": 256,
    "depth_NODE": 1,
    "normalize": true,
    "dropout": 0.1,
    "batch_size": 16,
    "learning_rate": 1e-05,
    "solver": "Tsit5",
    "weight_decay": 0.0,
    "dt0": 0.0001,
    "rtol": 0.00015,
    "atol": 2e-06
  }
}