{
  "config_id": 18,
  "n_runs": 2,
  "mean_test_rmse": 0.00523070736440495,
  "std_test_rmse": 0.0001280688549093502,
  "median_test_rmse": 0.00523070736440495,
  "max_test_rmse": 0.0053587762193143,
  "min_test_rmse": 0.0051026385094956,
  "robust_score": 0.0053587762193143,
  "mean_val_loss": 2.825777814994867e-05,
  "std_val_loss": 2.217634779683347e-06,
  "mean_training_time": 1398.5786970853806,
  "std_training_time": 224.42873871326447,
  "config": {
    "width_NODE": 128,
    "depth_NODE": 1,
    "normalize": true,
    "dropout": 0.1,
    "batch_size": 192,
    "learning_rate": 1e-05,
    "solver": "Tsit5",
    "weight_decay": 0.0,
    "dt0": 0.0001,
    "rtol": 0.00015,
    "atol": 2e-06
  }
}