{
  "config_id": 10,
  "n_runs": 6,
  "mean_test_rmse": 0.007254316980709066,
  "std_test_rmse": 0.0005618415162565183,
  "median_test_rmse": 0.00710805334928175,
  "max_test_rmse": 0.0083229748099154,
  "min_test_rmse": 0.0064960004027906,
  "robust_score": 0.007816158496965585,
  "mean_val_loss": 5.277561032295854e-05,
  "std_val_loss": 5.74651736261145e-06,
  "mean_training_time": 1201.4205181201298,
  "std_training_time": 152.6588918907039,
  "config": {
    "width_NODE": 160,
    "depth_NODE": 1,
    "normalize": true,
    "dropout": 0.1,
    "batch_size": 128,
    "learning_rate": 1e-05,
    "solver": "Tsit5",
    "weight_decay": 0.0,
    "dt0": 0.0001,
    "rtol": 0.00015,
    "atol": 2e-06
  }
}