{
  "config_id": 18,
  "n_runs": 2,
  "mean_test_rmse": 0.00627916211237445,
  "std_test_rmse": 0.00034138998216345006,
  "median_test_rmse": 0.00627916211237445,
  "max_test_rmse": 0.0066205520945379,
  "min_test_rmse": 0.005937772130211,
  "robust_score": 0.0066205520945379,
  "mean_val_loss": 4.351437446798356e-05,
  "std_val_loss": 2.847563415101935e-08,
  "mean_training_time": 398.5752822160721,
  "std_training_time": 30.430190443992615,
  "config": {
    "width_NODE": 256,
    "depth_NODE": 1,
    "normalize": true,
    "dropout": 0.1,
    "batch_size": 4,
    "learning_rate": 1e-05,
    "solver": "Tsit5",
    "weight_decay": 0.0,
    "dt0": 0.0001,
    "rtol": 0.00015,
    "atol": 2e-06
  }
}