{
  "config_id": 3,
  "n_runs": 2,
  "mean_test_rmse": 0.0050854646378566005,
  "std_test_rmse": 2.3027873453200075e-05,
  "median_test_rmse": 0.0050854646378566005,
  "max_test_rmse": 0.0051084925113098,
  "min_test_rmse": 0.0050624367644034,
  "robust_score": 0.005108492511309801,
  "mean_val_loss": 3.2524092708620914e-05,
  "std_val_loss": 6.3354775820660634e-06,
  "mean_training_time": 2115.393005132675,
  "std_training_time": 97.18071222305286,
  "config": {
    "width_NODE": 192,
    "depth_NODE": 1,
    "normalize": true,
    "dropout": 0.1,
    "batch_size": 200,
    "learning_rate": 1e-05,
    "solver": "Tsit5",
    "weight_decay": 0.0,
    "dt0": 0.0001,
    "rtol": 0.00015,
    "atol": 2e-06
  }
}