{
  "config_id": 18,
  "n_runs": 2,
  "mean_test_rmse": 0.00557436213962185,
  "std_test_rmse": 0.00018353947800445018,
  "median_test_rmse": 0.00557436213962185,
  "max_test_rmse": 0.0057579016176263,
  "min_test_rmse": 0.0053908226616174,
  "robust_score": 0.0057579016176263,
  "mean_val_loss": 3.742994251629712e-05,
  "std_val_loss": 5.371702168328879e-06,
  "mean_training_time": 495.10857260227203,
  "std_training_time": 20.298409819602966,
  "config": {
    "width_NODE": 512,
    "depth_NODE": 1,
    "normalize": true,
    "dropout": 0.1,
    "batch_size": 16,
    "learning_rate": 1e-05,
    "solver": "Tsit5",
    "weight_decay": 0.0,
    "dt0": 0.0001,
    "rtol": 0.00015,
    "atol": 2e-06
  }
}