{
  "config_id": 2,
  "n_runs": 2,
  "mean_test_rmse": 0.00566520505320325,
  "std_test_rmse": 0.00013398809217414964,
  "median_test_rmse": 0.00566520505320325,
  "max_test_rmse": 0.0057991931453774,
  "min_test_rmse": 0.0055312169610291,
  "robust_score": 0.0057991931453774005,
  "mean_val_loss": 3.1800291799628535e-05,
  "std_val_loss": 3.747746630688607e-07,
  "mean_training_time": 443.173401594162,
  "std_training_time": 3.558393955230713,
  "config": {
    "width_NODE": 128,
    "depth_NODE": 1,
    "normalize": true,
    "dropout": 0.1,
    "batch_size": 16,
    "learning_rate": 1e-05,
    "solver": "Tsit5",
    "weight_decay": 0.0,
    "dt0": 0.0001,
    "rtol": 0.00015,
    "atol": 2e-06
  }
}