{
  "config_id": 10,
  "n_runs": 2,
  "mean_test_rmse": 0.004379412318613669,
  "std_test_rmse": 5.830302372978723e-06,
  "median_test_rmse": 0.004379412318613669,
  "max_test_rmse": 0.004385242620986648,
  "min_test_rmse": 0.00437358201624069,
  "robust_score": 0.0043852426209866485,
  "mean_val_loss": 1.9259364532161658e-05,
  "std_val_loss": 4.945234614058037e-07,
  "mean_training_time": 10802.549444556236,
  "std_training_time": 0.3875337839126587,
  "config": {
    "width_NODE": 512,
    "depth_NODE": 1,
    "normalize": true,
    "dropout": 0.1,
    "batch_size": 300,
    "learning_rate": 1e-05,
    "solver": "Tsit5",
    "weight_decay": 0.0,
    "dt0": 0.0001,
    "rtol": 0.00015,
    "atol": 2e-06
  }
}