{
  "config_id": 11,
  "n_runs": 2,
  "mean_test_rmse": 0.009475486976942001,
  "std_test_rmse": 0.0015611088049390003,
  "median_test_rmse": 0.009475486976942001,
  "max_test_rmse": 0.011036595781881,
  "min_test_rmse": 0.007914378172003,
  "robust_score": 0.011036595781881,
  "mean_val_loss": 9.401489550823094e-05,
  "std_val_loss": 2.5039167690369066e-05,
  "mean_training_time": 166.4871597290039,
  "std_training_time": 23.5856192111969,
  "config": {
    "width_NODE": 256,
    "depth_NODE": 1,
    "normalize": true,
    "dropout": 0.1,
    "batch_size": 8,
    "learning_rate": 1e-05,
    "solver": "Tsit5",
    "weight_decay": 0.0,
    "dt0": 0.0001,
    "rtol": 0.00015,
    "atol": 2e-06
  }
}