{
  "config_id": 6,
  "n_runs": 2,
  "mean_test_rmse": 0.009083698028854899,
  "std_test_rmse": 0.0020849795783444,
  "median_test_rmse": 0.009083698028854899,
  "max_test_rmse": 0.0111686776071993,
  "min_test_rmse": 0.0069987184505105,
  "robust_score": 0.0111686776071993,
  "mean_val_loss": 9.122031931930836e-05,
  "std_val_loss": 3.275013258859165e-05,
  "mean_training_time": 208.71132612228394,
  "std_training_time": 57.00317168235779,
  "config": {
    "width_NODE": 64,
    "depth_NODE": 1,
    "normalize": true,
    "dropout": 0.1,
    "batch_size": 8,
    "learning_rate": 1e-05,
    "solver": "Tsit5",
    "weight_decay": 0.0,
    "dt0": 0.0001,
    "rtol": 0.00015,
    "atol": 2e-06
  }
}