{
  "config_id": 17,
  "n_runs": 2,
  "mean_test_rmse": 0.00986348596984225,
  "std_test_rmse": 0.00150344852386725,
  "median_test_rmse": 0.00986348596984225,
  "max_test_rmse": 0.0113669344937095,
  "min_test_rmse": 0.008360037445975,
  "robust_score": 0.011366934493709499,
  "mean_val_loss": 9.562401517468745e-05,
  "std_val_loss": 2.9726687668812545e-05,
  "mean_training_time": 177.26632559299466,
  "std_training_time": 62.131106257438624,
  "config": {
    "width_NODE": 192,
    "depth_NODE": 1,
    "normalize": true,
    "dropout": 0.1,
    "batch_size": 4,
    "learning_rate": 1e-05,
    "solver": "Tsit5",
    "weight_decay": 0.0,
    "dt0": 0.0001,
    "rtol": 0.00015,
    "atol": 2e-06
  }
}