{
  "config_id": 4,
  "n_runs": 7,
  "mean_test_rmse": 0.007990972790127558,
  "std_test_rmse": 0.0003223897393835529,
  "median_test_rmse": 0.0080838462949154,
  "max_test_rmse": 0.0083354427072713,
  "min_test_rmse": 0.0073383827085075,
  "robust_score": 0.008313362529511112,
  "mean_val_loss": 6.448646468491268e-05,
  "std_val_loss": 3.760369090808535e-06,
  "mean_training_time": 556.9220954350063,
  "std_training_time": 60.23736987826352,
  "config": {
    "width_NODE": 73,
    "depth_NODE": 1,
    "normalize": true,
    "dropout": 0.1,
    "batch_size": 128,
    "learning_rate": 1e-05,
    "solver": "Tsit5",
    "weight_decay": 0.0,
    "dt0": 1e-06,
    "rtol": 0.00015,
    "atol": 2e-06
  }
}