{
  "config_id": 25,
  "n_runs": 2,
  "mean_test_rmse": 0.0047458190826565345,
  "std_test_rmse": 0.00022139162312346692,
  "median_test_rmse": 0.0047458190826565345,
  "max_test_rmse": 0.004967210705780001,
  "min_test_rmse": 0.004524427459533067,
  "robust_score": 0.004967210705780002,
  "mean_val_loss": 2.0649874942521454e-05,
  "std_val_loss": 1.3358253546282107e-06,
  "mean_training_time": 10802.129910230637,
  "std_training_time": 1.3248698711395264,
  "config": {
    "width_NODE": 256,
    "depth_NODE": 1,
    "normalize": true,
    "dropout": 0.1,
    "batch_size": 500,
    "learning_rate": 1e-05,
    "solver": "Tsit5",
    "weight_decay": 0.0,
    "dt0": 0.0001,
    "rtol": 0.00015,
    "atol": 2e-06
  }
}