{
  "config_id": 0,
  "n_runs": 7,
  "mean_test_rmse": 0.008252397980774729,
  "std_test_rmse": 0.0004689955585875084,
  "median_test_rmse": 0.0082126938174175,
  "max_test_rmse": 0.0089085107076553,
  "min_test_rmse": 0.0073381064607814,
  "robust_score": 0.008721393539362236,
  "mean_val_loss": 6.964135009970691e-05,
  "std_val_loss": 4.789960639406383e-06,
  "mean_training_time": 480.456296648298,
  "std_training_time": 45.30072437532183,
  "config": {
    "width_NODE": 73,
    "depth_NODE": 1,
    "normalize": true,
    "dropout": 0.1,
    "batch_size": 128,
    "learning_rate": 1e-05,
    "solver": "Tsit5",
    "weight_decay": 0.0,
    "dt0": 0.0001,
    "rtol": 0.00015,
    "atol": 2e-06
  }
}