{
  "config_id": 13,
  "n_runs": 2,
  "mean_test_rmse": 0.00591705401678855,
  "std_test_rmse": 0.0004348928072797501,
  "median_test_rmse": 0.00591705401678855,
  "max_test_rmse": 0.0063519468240683,
  "min_test_rmse": 0.0054821612095088,
  "robust_score": 0.0063519468240683,
  "mean_val_loss": 4.3542371852578085e-05,
  "std_val_loss": 1.2634350315242771e-08,
  "mean_training_time": 376.7062004804611,
  "std_training_time": 40.9960812330246,
  "config": {
    "width_NODE": 128,
    "depth_NODE": 1,
    "normalize": true,
    "dropout": 0.1,
    "batch_size": 8,
    "learning_rate": 1e-05,
    "solver": "Tsit5",
    "weight_decay": 0.0,
    "dt0": 0.0001,
    "rtol": 0.00015,
    "atol": 2e-06
  }
}