{
  "config_id": 33,
  "n_runs": 2,
  "mean_test_rmse": 0.0053897151264874505,
  "std_test_rmse": 0.0001484004332586498,
  "median_test_rmse": 0.0053897151264874505,
  "max_test_rmse": 0.0055381155597461,
  "min_test_rmse": 0.0052413146932288,
  "robust_score": 0.0055381155597461,
  "mean_val_loss": 3.09941085326416e-05,
  "std_val_loss": 1.8451865146157317e-06,
  "mean_training_time": 602.9183385372162,
  "std_training_time": 93.13955187797546,
  "config": {
    "width_NODE": 192,
    "depth_NODE": 1,
    "normalize": true,
    "dropout": 0.1,
    "batch_size": 16,
    "learning_rate": 1e-05,
    "solver": "Tsit5",
    "weight_decay": 0.0,
    "dt0": 0.0001,
    "rtol": 0.00015,
    "atol": 2e-06
  }
}