{
  "config_id": 16,
  "n_runs": 2,
  "mean_test_rmse": 0.0051386984120866,
  "std_test_rmse": 1.98641367179001e-05,
  "median_test_rmse": 0.0051386984120866,
  "max_test_rmse": 0.0051585625488045,
  "min_test_rmse": 0.0051188342753687,
  "robust_score": 0.0051585625488045,
  "mean_val_loss": 3.286675708759427e-05,
  "std_val_loss": 6.7614555575139805e-06,
  "mean_training_time": 1074.9673960208893,
  "std_training_time": 134.22306728363043,
  "config": {
    "width_NODE": 128,
    "depth_NODE": 1,
    "normalize": true,
    "dropout": 0.1,
    "batch_size": 128,
    "learning_rate": 1e-05,
    "solver": "Tsit5",
    "weight_decay": 0.0,
    "dt0": 0.0001,
    "rtol": 0.00015,
    "atol": 2e-06
  }
}