{
  "config_id": 3,
  "n_runs": 7,
  "mean_test_rmse": 0.008293115201968829,
  "std_test_rmse": 0.0003909955123647863,
  "median_test_rmse": 0.0083940802549494,
  "max_test_rmse": 0.0088876842435425,
  "min_test_rmse": 0.0076337983658063,
  "robust_score": 0.008684110714333615,
  "mean_val_loss": 6.981343549419603e-05,
  "std_val_loss": 4.287997444031454e-06,
  "mean_training_time": 600.7173675809588,
  "std_training_time": 54.716557886719905,
  "config": {
    "width_NODE": 73,
    "depth_NODE": 1,
    "normalize": true,
    "dropout": 0.1,
    "batch_size": 128,
    "learning_rate": 1e-05,
    "solver": "Tsit5",
    "weight_decay": 1e-05,
    "dt0": 0.0001,
    "rtol": 0.001,
    "atol": 1e-05
  }
}