{
  "config_id": 4,
  "n_runs": 7,
  "mean_test_rmse": 0.009491228506340401,
  "std_test_rmse": 0.00040610256128345383,
  "median_test_rmse": 0.0093607809424879,
  "max_test_rmse": 0.0100880171187391,
  "min_test_rmse": 0.0090310561604765,
  "robust_score": 0.009897331067623855,
  "mean_val_loss": 8.265155511026775e-05,
  "std_val_loss": 1.2153011592217699e-05,
  "mean_training_time": 1981.493321963719,
  "std_training_time": 268.48674363620717,
  "config": {
    "width_NODE": 73,
    "depth_NODE": 4,
    "normalize": true,
    "dropout": 0.1,
    "batch_size": 128,
    "learning_rate": 1e-05,
    "solver": "Tsit5",
    "weight_decay": 0.0,
    "dt0": 0.0001,
    "rtol": 0.00015,
    "atol": 2e-06
  }
}