{
  "config_id": 17,
  "n_runs": 2,
  "mean_test_rmse": 0.0054252029563093,
  "std_test_rmse": 0.00020151686897830002,
  "median_test_rmse": 0.0054252029563093,
  "max_test_rmse": 0.0056267198252876,
  "min_test_rmse": 0.005223686087331,
  "robust_score": 0.005626719825287599,
  "mean_val_loss": 2.9290162937806645e-05,
  "std_val_loss": 1.3153293910233192e-06,
  "mean_training_time": 1163.424983739853,
  "std_training_time": 40.47926592826832,
  "config": {
    "width_NODE": 256,
    "depth_NODE": 1,
    "normalize": true,
    "dropout": 0.1,
    "batch_size": 64,
    "learning_rate": 1e-05,
    "solver": "Tsit5",
    "weight_decay": 0.0,
    "dt0": 0.0001,
    "rtol": 0.00015,
    "atol": 2e-06
  }
}