{
  "config_id": 0,
  "n_runs": 7,
  "mean_test_rmse": 0.008374960325072343,
  "std_test_rmse": 0.000369338150557639,
  "median_test_rmse": 0.0084457969407216,
  "max_test_rmse": 0.0087949517065022,
  "min_test_rmse": 0.0075566381354626,
  "robust_score": 0.008744298475629983,
  "mean_val_loss": 7.039963025241173e-05,
  "std_val_loss": 5.0437226397151585e-06,
  "mean_training_time": 465.93992158344815,
  "std_training_time": 84.94258312537553,
  "config": {
    "width_NODE": 73,
    "depth_NODE": 1,
    "normalize": true,
    "dropout": 0.1,
    "batch_size": 128,
    "learning_rate": 1e-05,
    "solver": "Tsit5",
    "weight_decay": 0.0,
    "dt0": 0.0001,
    "rtol": 0.00015,
    "atol": 0.0001
  }
}