{
  "config_id": 8,
  "n_runs": 2,
  "mean_test_rmse": 0.0096058440136279,
  "std_test_rmse": 0.0019805682802755005,
  "median_test_rmse": 0.0096058440136279,
  "max_test_rmse": 0.0115864122939034,
  "min_test_rmse": 0.0076252757333524,
  "robust_score": 0.0115864122939034,
  "mean_val_loss": 9.970650175615916e-05,
  "std_val_loss": 3.0040876912040835e-05,
  "mean_training_time": 226.1786370277405,
  "std_training_time": 58.81085395812991,
  "config": {
    "width_NODE": 512,
    "depth_NODE": 1,
    "normalize": true,
    "dropout": 0.1,
    "batch_size": 4,
    "learning_rate": 1e-05,
    "solver": "Tsit5",
    "weight_decay": 0.0,
    "dt0": 0.0001,
    "rtol": 0.00015,
    "atol": 2e-06
  }
}