{
  "config_id": 5,
  "n_runs": 5,
  "mean_test_rmse": 0.00553527625200524,
  "std_test_rmse": 0.00014811621638500416,
  "median_test_rmse": 0.0055636919988946,
  "max_test_rmse": 0.0057696014934972,
  "min_test_rmse": 0.0053344112801661,
  "robust_score": 0.005683392468390244,
  "mean_val_loss": 3.4514504138945056e-05,
  "std_val_loss": 4.966351312093965e-06,
  "mean_training_time": 377.44941692352296,
  "std_training_time": 36.44045577830222,
  "config": {
    "width_NODE": 73,
    "depth_NODE": 1,
    "normalize": true,
    "dropout": 0.1,
    "batch_size": 128,
    "learning_rate": 0.0001,
    "solver": "Tsit5",
    "weight_decay": 0.0,
    "dt0": 0.0001,
    "rtol": 0.00015,
    "atol": 2e-06
  }
}