{
  "config_id": 5,
  "n_runs": 7,
  "mean_test_rmse": 0.010587158429664612,
  "std_test_rmse": 0.0004039501368551627,
  "median_test_rmse": 0.0106954158497491,
  "max_test_rmse": 0.0111513296777886,
  "min_test_rmse": 0.0099716798879034,
  "robust_score": 0.010991108566519775,
  "mean_val_loss": 0.00011458986510047143,
  "std_val_loss": 1.0440557926334e-05,
  "mean_training_time": 132.0871626990182,
  "std_training_time": 11.444219933579973,
  "config": {
    "width_NODE": 73,
    "depth_NODE": 1,
    "normalize": true,
    "dropout": 0.1,
    "batch_size": 8,
    "learning_rate": 1e-05,
    "solver": "Tsit5",
    "weight_decay": 0.0,
    "dt0": 0.0001,
    "rtol": 0.00015,
    "atol": 2e-06
  }
}