{
  "config_id": 1,
  "n_runs": 5,
  "mean_test_rmse": 0.007984087894402098,
  "std_test_rmse": 0.0005565599396635058,
  "median_test_rmse": 0.0082051385873466,
  "max_test_rmse": 0.0084006369492348,
  "min_test_rmse": 0.0068807204568747,
  "robust_score": 0.008540647834065605,
  "mean_val_loss": 6.602642373448064e-05,
  "std_val_loss": 3.3144400963699113e-06,
  "mean_training_time": 626.4398937225342,
  "std_training_time": 63.36876008685525,
  "config": {
    "width_NODE": 73,
    "depth_NODE": 1,
    "normalize": true,
    "dropout": 0.1,
    "batch_size": 128,
    "learning_rate": 1e-05,
    "solver": "Tsit5",
    "weight_decay": 0.0,
    "dt0": 1e-08,
    "rtol": 0.00015,
    "atol": 2e-06
  }
}