{
  "config_id": 21,
  "n_runs": 2,
  "mean_test_rmse": 0.005335662415714674,
  "std_test_rmse": 0.00021740067215007342,
  "median_test_rmse": 0.005335662415714674,
  "max_test_rmse": 0.005553063087864747,
  "min_test_rmse": 0.0051182617435646,
  "robust_score": 0.005553063087864747,
  "mean_val_loss": 2.905707071515448e-05,
  "std_val_loss": 1.0407824238041508e-06,
  "mean_training_time": 687.9365555047989,
  "std_training_time": 45.39534103870392,
  "config": {
    "width_NODE": 64,
    "depth_NODE": 1,
    "normalize": true,
    "dropout": 0.1,
    "batch_size": 32,
    "learning_rate": 1e-05,
    "solver": "Tsit5",
    "weight_decay": 0.0,
    "dt0": 0.0001,
    "rtol": 0.00015,
    "atol": 2e-06
  }
}