{
  "config_id": 1,
  "n_runs": 7,
  "mean_test_rmse": 0.008225900771870728,
  "std_test_rmse": 0.0003940652589191705,
  "median_test_rmse": 0.008016556052225,
  "max_test_rmse": 0.0089150094932177,
  "min_test_rmse": 0.0078809806332947,
  "robust_score": 0.008619966030789898,
  "mean_val_loss": 6.94931656570033e-05,
  "std_val_loss": 6.539687755374291e-06,
  "mean_training_time": 423.58861885752,
  "std_training_time": 42.743550254084276,
  "config": {
    "width_NODE": 73,
    "depth_NODE": 1,
    "normalize": true,
    "dropout": 0.1,
    "batch_size": 128,
    "learning_rate": 1e-05,
    "solver": "Tsit5",
    "weight_decay": 0.0,
    "dt0": 0.0001,
    "rtol": 0.00015,
    "atol": 2e-06
  }
}