{
  "config_id": 2,
  "n_runs": 3,
  "mean_test_rmse": 0.007943256674916133,
  "std_test_rmse": 0.000656028263251169,
  "median_test_rmse": 0.0082409890085988,
  "max_test_rmse": 0.0085553610833183,
  "min_test_rmse": 0.0070334199328313,
  "robust_score": 0.008599284938167301,
  "mean_val_loss": 6.381958422478024e-05,
  "std_val_loss": 1.599191902306175e-06,
  "mean_training_time": 530.3902579148611,
  "std_training_time": 73.0294830726989,
  "config": {
    "width_NODE": 73,
    "depth_NODE": 1,
    "normalize": true,
    "dropout": 0.1,
    "batch_size": 128,
    "learning_rate": 1e-05,
    "solver": "Tsit5",
    "weight_decay": 0.0,
    "dt0": 1e-05,
    "rtol": 0.00015,
    "atol": 2e-06
  }
}