{
  "config_id": 4,
  "n_runs": 2,
  "mean_test_rmse": 0.042106713544596455,
  "std_test_rmse": 0.0005551055431838488,
  "median_test_rmse": 0.042106713544596455,
  "max_test_rmse": 0.0426618190877803,
  "min_test_rmse": 0.0415516080014126,
  "robust_score": 0.0426618190877803,
  "mean_val_loss": 0.0019811735048323,
  "std_val_loss": 5.350017653269997e-05,
  "mean_training_time": 759.3636075258255,
  "std_training_time": 6.698806643486023,
  "config": {
    "width_NODE": 73,
    "depth_NODE": 1,
    "normalize": true,
    "dropout": 0.1,
    "batch_size": 128,
    "learning_rate": 1e-06,
    "solver": "Tsit5",
    "weight_decay": 0.0,
    "dt0": 0.0001,
    "rtol": 0.00015,
    "atol": 2e-06
  }
}