{
  "config_id": 22,
  "n_runs": 2,
  "mean_test_rmse": 0.005130685839819606,
  "std_test_rmse": 0.00016177833247470533,
  "median_test_rmse": 0.005130685839819606,
  "max_test_rmse": 0.005292464172294311,
  "min_test_rmse": 0.0049689075073449,
  "robust_score": 0.005292464172294311,
  "mean_val_loss": 2.6457691102096484e-05,
  "std_val_loss": 1.972820164327677e-06,
  "mean_training_time": 2141.5232179164886,
  "std_training_time": 263.7251513004303,
  "config": {
    "width_NODE": 192,
    "depth_NODE": 1,
    "normalize": true,
    "dropout": 0.1,
    "batch_size": 128,
    "learning_rate": 1e-05,
    "solver": "Tsit5",
    "weight_decay": 0.0,
    "dt0": 0.0001,
    "rtol": 0.00015,
    "atol": 2e-06
  }
}