{
  "config_id": 0,
  "n_runs": 7,
  "mean_test_rmse": 0.01021185405198984,
  "std_test_rmse": 0.00011999305921640659,
  "median_test_rmse": 0.0102423537476854,
  "max_test_rmse": 0.0103260392231832,
  "min_test_rmse": 0.0099596454582961,
  "robust_score": 0.010331847111206247,
  "mean_val_loss": 0.00010706059055320327,
  "std_val_loss": 9.054362562184158e-06,
  "mean_training_time": 148.45904752186365,
  "std_training_time": 4.239883496873872,
  "config": {
    "width_NODE": 73,
    "depth_NODE": 1,
    "normalize": true,
    "dropout": 0.1,
    "batch_size": 8,
    "learning_rate": 1e-05,
    "solver": "Tsit5",
    "weight_decay": 0.0,
    "dt0": 0.0001,
    "rtol": 0.00015,
    "atol": 2e-06
  }
}