{
  "config_id": 0,
  "n_runs": 7,
  "mean_test_rmse": 0.008032737327825772,
  "std_test_rmse": 0.0005322574598025978,
  "median_test_rmse": 0.0083448538103618,
  "max_test_rmse": 0.0086171477632258,
  "min_test_rmse": 0.0070977945629822,
  "robust_score": 0.00856499478762837,
  "mean_val_loss": 6.415762051370521e-05,
  "std_val_loss": 5.124856130198328e-06,
  "mean_training_time": 635.7806500707354,
  "std_training_time": 128.46945325044834,
  "config": {
    "width_NODE": 73,
    "depth_NODE": 1,
    "normalize": true,
    "dropout": 0.1,
    "batch_size": 128,
    "learning_rate": 1e-05,
    "solver": "Tsit5",
    "weight_decay": 0.0,
    "dt0": 0.0001,
    "rtol": 0.00015,
    "atol": 2e-06
  }
}