{
  "config_id": 0,
  "n_runs": 2,
  "mean_test_rmse": 0.0058336595635538,
  "std_test_rmse": 0.00018345188014729993,
  "median_test_rmse": 0.0058336595635538,
  "max_test_rmse": 0.0060171114437011,
  "min_test_rmse": 0.0056502076834065,
  "robust_score": 0.0060171114437011,
  "mean_val_loss": 3.993496780627022e-05,
  "std_val_loss": 6.008103175461055e-06,
  "mean_training_time": 596.9984365701675,
  "std_training_time": 58.22517144680023,
  "config": {
    "width_NODE": 64,
    "depth_NODE": 1,
    "normalize": true,
    "dropout": 0.1,
    "batch_size": 16,
    "learning_rate": 1e-05,
    "solver": "Tsit5",
    "weight_decay": 0.0,
    "dt0": 0.0001,
    "rtol": 0.00015,
    "atol": 2e-06
  }
}