{
  "config_id": 17,
  "n_runs": 2,
  "mean_test_rmse": 0.00570743657130185,
  "std_test_rmse": 7.834062132575006e-05,
  "median_test_rmse": 0.00570743657130185,
  "max_test_rmse": 0.0057857771926276,
  "min_test_rmse": 0.0056290959499761,
  "robust_score": 0.0057857771926276,
  "mean_val_loss": 3.768303997057281e-05,
  "std_val_loss": 3.148535872313311e-07,
  "mean_training_time": 294.3130658864975,
  "std_training_time": 8.659360527992249,
  "config": {
    "width_NODE": 512,
    "depth_NODE": 1,
    "normalize": true,
    "dropout": 0.1,
    "batch_size": 4,
    "learning_rate": 1e-05,
    "solver": "Tsit5",
    "weight_decay": 0.0,
    "dt0": 0.0001,
    "rtol": 0.00015,
    "atol": 2e-06
  }
}