{
  "config_id": 27,
  "n_runs": 2,
  "mean_test_rmse": 0.0057371606426425,
  "std_test_rmse": 0.0001372156975647,
  "median_test_rmse": 0.0057371606426425,
  "max_test_rmse": 0.0058743763402072,
  "min_test_rmse": 0.0055999449450778,
  "robust_score": 0.0058743763402072,
  "mean_val_loss": 4.042224447893761e-05,
  "std_val_loss": 4.635820416139554e-06,
  "mean_training_time": 323.96387457847595,
  "std_training_time": 8.399158954620361,
  "config": {
    "width_NODE": 256,
    "depth_NODE": 1,
    "normalize": true,
    "dropout": 0.1,
    "batch_size": 8,
    "learning_rate": 1e-05,
    "solver": "Tsit5",
    "weight_decay": 0.0,
    "dt0": 0.0001,
    "rtol": 0.00015,
    "atol": 2e-06
  }
}