{
  "config_id": 7,
  "n_runs": 2,
  "mean_test_rmse": 0.00615937773131925,
  "std_test_rmse": 0.00039451797324614995,
  "median_test_rmse": 0.00615937773131925,
  "max_test_rmse": 0.0065538957045654,
  "min_test_rmse": 0.0057648597580731,
  "robust_score": 0.0065538957045654,
  "mean_val_loss": 4.2715034880678654e-05,
  "std_val_loss": 1.942838917326892e-06,
  "mean_training_time": 356.011393904686,
  "std_training_time": 16.9397443532944,
  "config": {
    "width_NODE": 128,
    "depth_NODE": 1,
    "normalize": true,
    "dropout": 0.1,
    "batch_size": 16,
    "learning_rate": 1e-05,
    "solver": "Tsit5",
    "weight_decay": 0.0,
    "dt0": 0.0001,
    "rtol": 0.00015,
    "atol": 2e-06
  }
}