{
  "config_id": 12,
  "n_runs": 2,
  "mean_test_rmse": 0.0053643487990813,
  "std_test_rmse": 3.114073418749967e-05,
  "median_test_rmse": 0.0053643487990813,
  "max_test_rmse": 0.0053954895332688,
  "min_test_rmse": 0.0053332080648938,
  "robust_score": 0.0053954895332688,
  "mean_val_loss": 3.0236018882404185e-05,
  "std_val_loss": 4.6502869003117027e-07,
  "mean_training_time": 1369.896906375885,
  "std_training_time": 148.9150059223174,
  "config": {
    "width_NODE": 128,
    "depth_NODE": 1,
    "normalize": true,
    "dropout": 0.1,
    "batch_size": 128,
    "learning_rate": 1e-05,
    "solver": "Tsit5",
    "weight_decay": 0.0,
    "dt0": 0.0001,
    "rtol": 0.00015,
    "atol": 2e-06
  }
}