{
  "config_id": 9,
  "n_runs": 2,
  "mean_test_rmse": 0.0054349823127084005,
  "std_test_rmse": 4.484279286109992e-05,
  "median_test_rmse": 0.0054349823127084005,
  "max_test_rmse": 0.0054798251055695,
  "min_test_rmse": 0.0053901395198473,
  "robust_score": 0.0054798251055695,
  "mean_val_loss": 3.686090629798789e-05,
  "std_val_loss": 5.737238361056265e-06,
  "mean_training_time": 473.3563519716263,
  "std_training_time": 98.95738065242767,
  "config": {
    "width_NODE": 512,
    "depth_NODE": 1,
    "normalize": true,
    "dropout": 0.1,
    "batch_size": 8,
    "learning_rate": 1e-05,
    "solver": "Tsit5",
    "weight_decay": 0.0,
    "dt0": 0.0001,
    "rtol": 0.00015,
    "atol": 2e-06
  }
}