{
  "config_id": 4,
  "n_runs": 3,
  "mean_test_rmse": 0.00506065668022788,
  "std_test_rmse": 0.0003678298361100684,
  "median_test_rmse": 0.005037386011596839,
  "max_test_rmse": 0.0055223387226585,
  "min_test_rmse": 0.0046222453064283,
  "robust_score": 0.005428486516337949,
  "mean_val_loss": 2.853386227389234e-05,
  "std_val_loss": 1.932933392663953e-06,
  "mean_training_time": 6276.720485369365,
  "std_training_time": 1957.4432675118426,
  "config": {
    "width_NODE": 512,
    "depth_NODE": 1,
    "normalize": true,
    "dropout": 0.1,
    "batch_size": 200,
    "learning_rate": 1e-05,
    "solver": "Tsit5",
    "weight_decay": 0.0,
    "dt0": 0.0001,
    "rtol": 0.00015,
    "atol": 2e-06
  }
}