{
  "config_id": 0,
  "n_runs": 2,
  "mean_test_rmse": 0.007409951777829301,
  "std_test_rmse": 0.0006177866604731006,
  "median_test_rmse": 0.007409951777829301,
  "max_test_rmse": 0.0080277384383024,
  "min_test_rmse": 0.0067921651173562,
  "robust_score": 0.0080277384383024,
  "mean_val_loss": 6.112333505954146e-05,
  "std_val_loss": 1.3805518533052021e-05,
  "mean_training_time": 264.06754553318024,
  "std_training_time": 51.43708002567294,
  "config": {
    "width_NODE": 64,
    "depth_NODE": 1,
    "normalize": true,
    "dropout": 0.1,
    "batch_size": 8,
    "learning_rate": 1e-05,
    "solver": "Tsit5",
    "weight_decay": 0.0,
    "dt0": 0.0001,
    "rtol": 0.00015,
    "atol": 2e-06
  }
}