{
  "config_id": 12,
  "n_runs": 2,
  "mean_test_rmse": 0.0058479925621046005,
  "std_test_rmse": 0.00036063267370429987,
  "median_test_rmse": 0.0058479925621046005,
  "max_test_rmse": 0.0062086252358089,
  "min_test_rmse": 0.0054873598884003,
  "robust_score": 0.006208625235808901,
  "mean_val_loss": 3.7440866836094163e-05,
  "std_val_loss": 6.075763622169179e-07,
  "mean_training_time": 421.28166604042053,
  "std_training_time": 52.01618933677673,
  "config": {
    "width_NODE": 192,
    "depth_NODE": 1,
    "normalize": true,
    "dropout": 0.1,
    "batch_size": 24,
    "learning_rate": 1e-05,
    "solver": "Tsit5",
    "weight_decay": 0.0,
    "dt0": 0.0001,
    "rtol": 0.00015,
    "atol": 2e-06
  }
}