{
  "config_id": 7,
  "n_runs": 7,
  "mean_test_rmse": 0.008423372178198513,
  "std_test_rmse": 0.00041001553137980323,
  "median_test_rmse": 0.008305369669481,
  "max_test_rmse": 0.0090502143961099,
  "min_test_rmse": 0.0078381029067615,
  "robust_score": 0.008833387709578316,
  "mean_val_loss": 7.293575653483004e-05,
  "std_val_loss": 6.5924190131550155e-06,
  "mean_training_time": 585.7102357319424,
  "std_training_time": 134.41554362455275,
  "config": {
    "width_NODE": 32,
    "depth_NODE": 1,
    "normalize": true,
    "dropout": 0.1,
    "batch_size": 128,
    "learning_rate": 1e-05,
    "solver": "Tsit5",
    "weight_decay": 0.0,
    "dt0": 0.0001,
    "rtol": 0.00015,
    "atol": 2e-06
  }
}