{
  "config_id": 3,
  "n_runs": 2,
  "mean_test_rmse": 0.0095337894871514,
  "std_test_rmse": 0.0018460310433418997,
  "median_test_rmse": 0.0095337894871514,
  "max_test_rmse": 0.0113798205304933,
  "min_test_rmse": 0.0076877584438095,
  "robust_score": 0.0113798205304933,
  "mean_val_loss": 9.690855595785748e-05,
  "std_val_loss": 2.929451875824252e-05,
  "mean_training_time": 195.79985904693604,
  "std_training_time": 64.56446743011475,
  "config": {
    "width_NODE": 512,
    "depth_NODE": 1,
    "normalize": true,
    "dropout": 0.1,
    "batch_size": 2,
    "learning_rate": 1e-05,
    "solver": "Tsit5",
    "weight_decay": 0.0,
    "dt0": 0.0001,
    "rtol": 0.00015,
    "atol": 2e-06
  }
}